{
    "id": "Phoenix Client",
    "type": "beta",
    "mainClass": "net.minecraft.client.main.Main",
    "assets": "1.8",
    "assetIndex": {
        "id": "1.8",
        "sha256": "460146f28e9dcf6f5b736ce7778ce27d4c116f3a458104828ca6e055f50d5b0b",
        "size": 94650,
        "url": "https://dl.phoenixclient.ir/client/minecraft/assets/indexes/1.8.json"
    },
    "arguments": {
        "game": [
            "--username",
            "${auth_player_name}",
            "--version",
            "${version_name}",
            "--gameDir",
            "${game_directory}",
            "--assetsDir",
            "${assets_root}",
            "--assetIndex",
            "${assets_index_name}",
            "--uuid",
            "${auth_uuid}",
            "--accessToken",
            "${auth_access_token}",
            "--clientId",
            "${clientid}",
            "--xuid",
            "${auth_xuid}",
            "--userType",
            "${user_type}",
            "--versionType",
            "${version_type}",
            {
                "rules": [
                    {
                        "action": "allow",
                        "features": {
                            "is_demo_user": true
                        }
                    }
                ],
                "value": "--demo"
            },
            {
                "rules": [
                    {
                        "action": "allow",
                        "features": {
                            "has_custom_resolution": true
                        }
                    }
                ],
                "value": [
                    "--width",
                    "${resolution_width}",
                    "--height",
                    "${resolution_height}"
                ]
            },
            {
                "rules": [
                    {
                        "action": "allow",
                        "features": {
                            "has_quick_plays_support": true
                        }
                    }
                ],
                "value": [
                    "--quickPlayPath",
                    "${quickPlayPath}"
                ]
            },
            {
                "rules": [
                    {
                        "action": "allow",
                        "features": {
                            "is_quick_play_singleplayer": true
                        }
                    }
                ],
                "value": [
                    "--quickPlaySingleplayer",
                    "${quickPlaySingleplayer}"
                ]
            },
            {
                "rules": [
                    {
                        "action": "allow",
                        "features": {
                            "is_quick_play_multiplayer": true
                        }
                    }
                ],
                "value": [
                    "--quickPlayMultiplayer",
                    "${quickPlayMultiplayer}"
                ]
            },
            {
                "rules": [
                    {
                        "action": "allow",
                        "features": {
                            "is_quick_play_realms": true
                        }
                    }
                ],
                "value": [
                    "--quickPlayRealms",
                    "${quickPlayRealms}"
                ]
            }
        ],
        "jvm": [
            {
                "rules": [
                    {
                        "action": "allow",
                        "os": {
                            "name": "osx"
                        }
                    }
                ],
                "value": [
                    "-XstartOnFirstThread"
                ]
            },
            {
                "rules": [
                    {
                        "action": "allow",
                        "os": {
                            "name": "windows"
                        }
                    }
                ],
                "value": "-XX:HeapDumpPath=MojangTricksIntelDriversForPerformance_javaw.exe_minecraft.exe.heapdump"
            },
            {
                "rules": [
                    {
                        "action": "allow",
                        "os": {
                            "arch": "x86"
                        }
                    }
                ],
                "value": "-Xss1M"
            },
            "-Djava.library.path=${natives_directory}",
            "-Djna.tmpdir=${natives_directory}",
            "-Dorg.lwjgl.system.SharedLibraryExtractPath=${natives_directory}",
            "-Dio.netty.native.workdir=${natives_directory}",
            "-Dminecraft.launcher.brand=${launcher_name}",
            "-Dminecraft.launcher.version=${launcher_version}",
            "-cp",
            "${classpath}"
        ]
    },
    "downloads": {
        "client": {
            "sha256": "8d18ae664953b33911f4ebd43017413547c1c5e3d6f5466924f34e5f3817ee85",
            "size": 21056077,
            "url": "https://dl.phoenixclient.ir/client/minecraft/versions/1.8.9/1.8.9.jar"
        }
    },
    "libraries": [
        {
            "downloads": {
                "artifact": {
                    "path": "io/netty/netty-codec/4.1.96.Final/netty-codec-4.1.96.Final.jar",
                    "sha256": "07305d3e565fc01da310f1c8ea7935c08e42ff1977590f2d44fc1305cb470d60",
                    "size": 344788,
                    "url": "https://dl.phoenixclient.ir/client/minecraft/libraries/io/netty/netty-codec/4.1.96.Final/netty-codec-4.1.96.Final.jar"
                }
            },
            "name": "io.netty:netty-codec:4.1.96.Final"
        },
        {
            "downloads": {
                "artifact": {
                    "path": "org/lwjgl/lwjgl-opengl/3.3.2/lwjgl-opengl-3.3.2.jar",
                    "sha256": "0ebaaf92d306c946ce9d3db25496b9068b7aab782b15966be2544b6a24838038",
                    "size": 928871,
                    "url": "https://dl.phoenixclient.ir/client/minecraft/libraries/org/lwjgl/lwjgl-opengl/3.3.2/lwjgl-opengl-3.3.2.jar"
                }
            },
            "name": "org.lwjgl:lwjgl-opengl:3.3.2"
        },
        {
            "downloads": {
                "artifact": {
                    "path": "org/lwjgl/lwjgl-glfw/3.3.2/lwjgl-glfw-3.3.2.jar",
                    "sha256": "29f2fff9dfa7247bde7abc20c3e074d2384dbdd64ffbea172c86a392000f8b48",
                    "size": 135828,
                    "url": "https://dl.phoenixclient.ir/client/minecraft/libraries/org/lwjgl/lwjgl-glfw/3.3.2/lwjgl-glfw-3.3.2.jar"
                }
            },
            "name": "org.lwjgl:lwjgl-glfw:3.3.2"
        },
        {
            "downloads": {
                "artifact": {
                    "path": "org/lwjgl/lwjgl-jemalloc/3.3.2/lwjgl-jemalloc-3.3.2-natives-linux-arm64.jar",
                    "sha256": "771c41d8d2ebcaff9c2ff0f8d096f3ecea7135fa3520304f6a09ed85dacc75df",
                    "size": 206402,
                    "url": "https://dl.phoenixclient.ir/client/minecraft/libraries/org/lwjgl/lwjgl-jemalloc/3.3.2/lwjgl-jemalloc-3.3.2-natives-linux-arm64.jar"
                }
            },
            "name": "org.lwjgl:lwjgl-jemalloc:3.3.2:natives-linux-arm64",
            "rules": [
                {
                    "action": "allow",
                    "os": {
                        "name": "linux"
                    }
                }
            ]
        },
        {
            "downloads": {
                "artifact": {
                    "path": "com/github/oshi/oshi-core/6.4.4/oshi-core-6.4.4.jar",
                    "sha256": "423ef4cd72207b73a9197bd5c3514c3b336a706e44f2dfbd1e9da14f75135dce",
                    "size": 970106,
                    "url": "https://dl.phoenixclient.ir/client/minecraft/libraries/com/github/oshi/oshi-core/6.4.4/oshi-core-6.4.4.jar"
                }
            },
            "name": "com.github.oshi:oshi-core:6.4.4"
        },
        {
            "downloads": {
                "artifact": {
                    "path": "io/netty/netty-buffer/4.1.96.Final/netty-buffer-4.1.96.Final.jar",
                    "sha256": "1dee6f5b4aa485339d49525ec3689463f724785fc35e7db02f9e46cbdecbe335",
                    "size": 306489,
                    "url": "https://dl.phoenixclient.ir/client/minecraft/libraries/io/netty/netty-buffer/4.1.96.Final/netty-buffer-4.1.96.Final.jar"
                }
            },
            "name": "io.netty:netty-buffer:4.1.96.Final"
        },
        {
            "downloads": {
                "artifact": {
                    "path": "org/lwjgl/lwjgl-openal/3.3.2/lwjgl-openal-3.3.2-natives-macos-arm64.jar",
                    "sha256": "b8adeffe3d7fe965d11ca24da8c7e828ed15e997bb41450857a5379301b1b784",
                    "size": 467151,
                    "url": "https://dl.phoenixclient.ir/client/minecraft/libraries/org/lwjgl/lwjgl-openal/3.3.2/lwjgl-openal-3.3.2-natives-macos-arm64.jar"
                }
            },
            "name": "org.lwjgl:lwjgl-openal:3.3.2:natives-macos-arm64",
            "rules": [
                {
                    "action": "allow",
                    "os": {
                        "name": "osx"
                    }
                }
            ]
        },
        {
            "downloads": {
                "artifact": {
                    "path": "org/lwjgl/lwjgl/3.3.2/lwjgl-3.3.2-natives-linux.jar",
                    "sha256": "89f53089a5f8a983db25140a1c94c72fe2a8f56feb6ddb597f55b8329ce5b400",
                    "size": 114144,
                    "url": "https://dl.phoenixclient.ir/client/minecraft/libraries/org/lwjgl/lwjgl/3.3.2/lwjgl-3.3.2-natives-linux.jar"
                }
            },
            "name": "org.lwjgl:lwjgl:3.3.2:natives-linux",
            "rules": [
                {
                    "action": "allow",
                    "os": {
                        "name": "linux"
                    }
                }
            ]
        },
        {
            "downloads": {
                "artifact": {
                    "path": "org/apache/logging/log4j/log4j-api/2.20.0/log4j-api-2.20.0.jar",
                    "sha256": "2f43eea679ea66f14ca0f13fec2a8600ac124f5a5231dcb4df8393eddcb97550",
                    "size": 313296,
                    "url": "https://dl.phoenixclient.ir/client/minecraft/libraries/org/apache/logging/log4j/log4j-api/2.20.0/log4j-api-2.20.0.jar"
                }
            },
            "name": "org.apache.logging.log4j:log4j-api:2.20.0"
        },
        {
            "downloads": {
                "artifact": {
                    "path": "org/lwjgl/lwjgl-tinyfd/3.3.2/lwjgl-tinyfd-3.3.2-natives-windows.jar",
                    "sha256": "df5600fc54212fea7e411cbe99379afecd85f1e5067e242cbca72bf40b4a8b16",
                    "size": 130126,
                    "url": "https://dl.phoenixclient.ir/client/minecraft/libraries/org/lwjgl/lwjgl-tinyfd/3.3.2/lwjgl-tinyfd-3.3.2-natives-windows.jar"
                }
            },
            "name": "org.lwjgl:lwjgl-tinyfd:3.3.2:natives-windows",
            "rules": [
                {
                    "action": "allow",
                    "os": {
                        "name": "windows"
                    }
                }
            ]
        },
        {
            "downloads": {
                "artifact": {
                    "path": "org/lwjgl/lwjgl/3.3.2/lwjgl-3.3.2-natives-macos-arm64.jar",
                    "sha256": "ebb8474ad3c19b906649ac41cef62314fd9b355cea5509d9be0c8728db7a6c38",
                    "size": 48270,
                    "url": "https://dl.phoenixclient.ir/client/minecraft/libraries/org/lwjgl/lwjgl/3.3.2/lwjgl-3.3.2-natives-macos-arm64.jar"
                }
            },
            "name": "org.lwjgl:lwjgl:3.3.2:natives-macos-arm64",
            "rules": [
                {
                    "action": "allow",
                    "os": {
                        "name": "osx"
                    }
                }
            ]
        },
        {
            "downloads": {
                "artifact": {
                    "path": "org/lwjgl/lwjgl-stb/3.3.2/lwjgl-stb-3.3.2-natives-windows-x86.jar",
                    "sha256": "6941a0e6855bad697cea33ea66a63f0efb5a32376b51740c9a83cfeb88403529",
                    "size": 227583,
                    "url": "https://dl.phoenixclient.ir/client/minecraft/libraries/org/lwjgl/lwjgl-stb/3.3.2/lwjgl-stb-3.3.2-natives-windows-x86.jar"
                }
            },
            "name": "org.lwjgl:lwjgl-stb:3.3.2:natives-windows-x86",
            "rules": [
                {
                    "action": "allow",
                    "os": {
                        "name": "windows"
                    }
                }
            ]
        },
        {
            "downloads": {
                "artifact": {
                    "path": "org/lwjgl/lwjgl-nanovg/3.3.2/lwjgl-nanovg-3.3.2.jar",
                    "sha256": "ef1d24db11a1926f46f046b7c181e22fe0b43cf1af5365af62bd294ac3f08d4b",
                    "size": 129392,
                    "url": "https://dl.phoenixclient.ir/client/minecraft/libraries/org/lwjgl/lwjgl-nanovg/3.3.2/lwjgl-nanovg-3.3.2.jar"
                }
            },
            "name": "org.lwjgl:lwjgl-nanovg:3.3.2"
        },
        {
            "downloads": {
                "artifact": {
                    "path": "org/apache/httpcomponents/core5/httpcore5/5.2.2/httpcore5-5.2.2.jar",
                    "sha256": "3299dc185223154cf500db7b7e60d28a4bb0500b35b311b3fdca4ee6acb4b073",
                    "size": 853973,
                    "url": "https://dl.phoenixclient.ir/client/minecraft/libraries/org/apache/httpcomponents/core5/httpcore5/5.2.2/httpcore5-5.2.2.jar"
                }
            },
            "name": "org.apache.httpcomponents.core5:httpcore5:5.2.2"
        },
        {
            "downloads": {
                "artifact": {
                    "path": "org/slf4j/slf4j-api/2.0.7/slf4j-api-2.0.7.jar",
                    "sha256": "5d6298b93a1905c32cda6478808ac14c2d4a47e91535e53c41f7feeb85d946f4",
                    "size": 63635,
                    "url": "https://dl.phoenixclient.ir/client/minecraft/libraries/org/slf4j/slf4j-api/2.0.7/slf4j-api-2.0.7.jar"
                }
            },
            "name": "org.slf4j:slf4j-api:2.0.7"
        },
        {
            "downloads": {
                "artifact": {
                    "path": "com/squareup/okio/okio/1.15.0/okio-1.15.0.jar",
                    "sha256": "693fa319a7e8843300602b204023b7674f106ebcb577f2dd5807212b66118bd2",
                    "size": 88732,
                    "url": "https://dl.phoenixclient.ir/client/minecraft/libraries/com/squareup/okio/okio/1.15.0/okio-1.15.0.jar"
                }
            },
            "name": "com.squareup.okio:okio:1.15.0"
        },
        {
            "downloads": {
                "artifact": {
                    "path": "org/lwjgl/lwjgl-tinyfd/3.3.2/lwjgl-tinyfd-3.3.2-natives-windows-arm64.jar",
                    "sha256": "33520fd543b9b799c9c9aed71db65f39b6146783bb23638a22a80bbdd429a76e",
                    "size": 110758,
                    "url": "https://dl.phoenixclient.ir/client/minecraft/libraries/org/lwjgl/lwjgl-tinyfd/3.3.2/lwjgl-tinyfd-3.3.2-natives-windows-arm64.jar"
                }
            },
            "name": "org.lwjgl:lwjgl-tinyfd:3.3.2:natives-windows-arm64",
            "rules": [
                {
                    "action": "allow",
                    "os": {
                        "name": "windows"
                    }
                }
            ]
        },
        {
            "downloads": {
                "artifact": {
                    "path": "org/lwjgl/lwjgl/3.3.2/lwjgl-3.3.2-natives-linux-arm64.jar",
                    "sha256": "f4f4c13cd70224ec443753837f6652ec7ed11c5857ffc3e7d03e216aef6e663b",
                    "size": 90795,
                    "url": "https://dl.phoenixclient.ir/client/minecraft/libraries/org/lwjgl/lwjgl/3.3.2/lwjgl-3.3.2-natives-linux-arm64.jar"
                }
            },
            "name": "org.lwjgl:lwjgl:3.3.2:natives-linux-arm64",
            "rules": [
                {
                    "action": "allow",
                    "os": {
                        "name": "linux"
                    }
                }
            ]
        },
        {
            "downloads": {
                "artifact": {
                    "path": "ca/weblite/java-objc-bridge/1.2/java-objc-bridge-1.2.jar",
                    "sha256": "c8b08b7747d746f04d41c52315399f7d2ea936ece30d3382f122eb756f782cd7",
                    "size": 1476301,
                    "url": "https://dl.phoenixclient.ir/client/minecraft/libraries/ca/weblite/java-objc-bridge/1.2/java-objc-bridge-1.2.jar"
                }
            },
            "name": "ca.weblite:java-objc-bridge:1.2",
            "rules": [
                {
                    "action": "allow",
                    "os": {
                        "name": "osx"
                    }
                }
            ]
        },
        {
            "downloads": {
                "artifact": {
                    "path": "org/apache/logging/log4j/log4j-core/2.20.0/log4j-core-2.20.0.jar",
                    "sha256": "6137df848cdaed9f4d5076f75513c6c85da80b953f4e7acca38098b770763f55",
                    "size": 1847550,
                    "url": "https://dl.phoenixclient.ir/client/minecraft/libraries/org/apache/logging/log4j/log4j-core/2.20.0/log4j-core-2.20.0.jar"
                }
            },
            "name": "org.apache.logging.log4j:log4j-core:2.20.0"
        },
        {
            "downloads": {
                "artifact": {
                    "path": "org/lwjgl/lwjgl-openal/3.3.2/lwjgl-openal-3.3.2-natives-windows-x86.jar",
                    "sha256": "d51a2f9b5cf47898bc63ee3f4ed09d0bf2c7c6315bb6f6c379a3f5861908eb1d",
                    "size": 636273,
                    "url": "https://dl.phoenixclient.ir/client/minecraft/libraries/org/lwjgl/lwjgl-openal/3.3.2/lwjgl-openal-3.3.2-natives-windows-x86.jar"
                }
            },
            "name": "org.lwjgl:lwjgl-openal:3.3.2:natives-windows-x86",
            "rules": [
                {
                    "action": "allow",
                    "os": {
                        "name": "windows"
                    }
                }
            ]
        },
        {
            "downloads": {
                "artifact": {
                    "path": "org/lwjgl/lwjgl-glfw/3.3.2/lwjgl-glfw-3.3.2-natives-windows.jar",
                    "sha256": "1e0cbb87e42d729d98cd807e57375f16f4044def4660cf8ed6689a6f5dc71b41",
                    "size": 165947,
                    "url": "https://dl.phoenixclient.ir/client/minecraft/libraries/org/lwjgl/lwjgl-glfw/3.3.2/lwjgl-glfw-3.3.2-natives-windows.jar"
                }
            },
            "name": "org.lwjgl:lwjgl-glfw:3.3.2:natives-windows",
            "rules": [
                {
                    "action": "allow",
                    "os": {
                        "name": "windows"
                    }
                }
            ]
        },
        {
            "downloads": {
                "artifact": {
                    "path": "org/lwjgl/lwjgl-tinyfd/3.3.2/lwjgl-tinyfd-3.3.2-natives-linux-arm64.jar",
                    "sha256": "23638ed76f6699877a4043f9a5de6d5070423d2556e824245d3d2df6dff8c52e",
                    "size": 43381,
                    "url": "https://dl.phoenixclient.ir/client/minecraft/libraries/org/lwjgl/lwjgl-tinyfd/3.3.2/lwjgl-tinyfd-3.3.2-natives-linux-arm64.jar"
                }
            },
            "name": "org.lwjgl:lwjgl-tinyfd:3.3.2:natives-linux-arm64",
            "rules": [
                {
                    "action": "allow",
                    "os": {
                        "name": "linux"
                    }
                }
            ]
        },
        {
            "downloads": {
                "artifact": {
                    "path": "com/ibm/icu/icu4j/73.2/icu4j-73.2.jar",
                    "sha256": "29280822f4b0796acef1f79b90b1d0c1edd86c10e876a848e04b8a6298a16bf9",
                    "size": 14567819,
                    "url": "https://dl.phoenixclient.ir/client/minecraft/libraries/com/ibm/icu/icu4j/73.2/icu4j-73.2.jar"
                }
            },
            "name": "com.ibm.icu:icu4j:73.2"
        },
        {
            "downloads": {
                "artifact": {
                    "path": "com/google/code/gson/gson/2.10.1/gson-2.10.1.jar",
                    "sha256": "4241c14a7727c34feea6507ec801318a3d4a90f070e4525681079fb94ee4c593",
                    "size": 283367,
                    "url": "https://dl.phoenixclient.ir/client/minecraft/libraries/com/google/code/gson/gson/2.10.1/gson-2.10.1.jar"
                }
            },
            "name": "com.google.code.gson:gson:2.10.1"
        },
        {
            "downloads": {
                "artifact": {
                    "path": "io/netty/netty-common/4.1.96.Final/netty-common-4.1.96.Final.jar",
                    "sha256": "da104e80db830922eaf860eb1c5e957cd1d124068253d02e9c7a7843bc66427a",
                    "size": 659926,
                    "url": "https://dl.phoenixclient.ir/client/minecraft/libraries/io/netty/netty-common/4.1.96.Final/netty-common-4.1.96.Final.jar"
                }
            },
            "name": "io.netty:netty-common:4.1.96.Final"
        },
        {
            "downloads": {
                "artifact": {
                    "path": "org/lwjgl/lwjgl/3.3.2/lwjgl-3.3.2-natives-windows.jar",
                    "sha256": "ebc65354b64a33659cc642446dc15c6d62a4bd0ae15c9a6a4a3adbcd71f1f690",
                    "size": 164993,
                    "url": "https://dl.phoenixclient.ir/client/minecraft/libraries/org/lwjgl/lwjgl/3.3.2/lwjgl-3.3.2-natives-windows.jar"
                }
            },
            "name": "org.lwjgl:lwjgl:3.3.2:natives-windows",
            "rules": [
                {
                    "action": "allow",
                    "os": {
                        "name": "windows"
                    }
                }
            ]
        },
        {
            "downloads": {
                "artifact": {
                    "path": "org/lwjgl/lwjgl-stb/3.3.2/lwjgl-stb-3.3.2-natives-linux-arm32.jar",
                    "sha256": "f964b977d67d160fa6c5c5c0b7beaaa7a615c8640f5e9da29efa76fc025d7375",
                    "size": 154928,
                    "url": "https://dl.phoenixclient.ir/client/minecraft/libraries/org/lwjgl/lwjgl-stb/3.3.2/lwjgl-stb-3.3.2-natives-linux-arm32.jar"
                }
            },
            "name": "org.lwjgl:lwjgl-stb:3.3.2:natives-linux-arm32",
            "rules": [
                {
                    "action": "allow",
                    "os": {
                        "name": "linux"
                    }
                }
            ]
        },
        {
            "downloads": {
                "artifact": {
                    "path": "io/netty/netty-transport-native-unix-common/4.1.96.Final/netty-transport-native-unix-common-4.1.96.Final.jar",
                    "sha256": "4f96297a06a544a4cdb6fe6af8b868640f100fa96969e2196be216bd41adef13",
                    "size": 43897,
                    "url": "https://dl.phoenixclient.ir/client/minecraft/libraries/io/netty/netty-transport-native-unix-common/4.1.96.Final/netty-transport-native-unix-common-4.1.96.Final.jar"
                }
            },
            "name": "io.netty:netty-transport-native-unix-common:4.1.96.Final"
        },
        {
            "downloads": {
                "artifact": {
                    "path": "commons-logging/commons-logging/1.2/commons-logging-1.2.jar",
                    "sha256": "daddea1ea0be0f56978ab3006b8ac92834afeefbd9b7e4e6316fca57df0fa636",
                    "size": 61829,
                    "url": "https://dl.phoenixclient.ir/client/minecraft/libraries/commons-logging/commons-logging/1.2/commons-logging-1.2.jar"
                }
            },
            "name": "commons-logging:commons-logging:1.2"
        },
        {
            "downloads": {
                "artifact": {
                    "path": "org/lwjgl/lwjgl-nanovg/3.3.2/lwjgl-nanovg-3.3.2-natives-windows-arm64.jar",
                    "sha256": "681c1042cda0b22deb7bc445f5f22b6a33c1c275c97bf00bd0b88f77a041cd8b",
                    "size": 221353,
                    "url": "https://dl.phoenixclient.ir/client/minecraft/libraries/org/lwjgl/lwjgl-nanovg/3.3.2/lwjgl-nanovg-3.3.2-natives-windows-arm64.jar"
                }
            },
            "name": "org.lwjgl:lwjgl-nanovg:3.3.2:natives-windows-arm64",
            "rules": [
                {
                    "action": "allow",
                    "os": {
                        "name": "windows"
                    }
                }
            ]
        },
        {
            "downloads": {
                "artifact": {
                    "path": "org/apache/commons/commons-text/1.10.0/commons-text-1.10.0.jar",
                    "sha256": "770cd903fa7b604d1f7ef7ba17f84108667294b2b478be8ed1af3bffb4ae0018",
                    "size": 238400,
                    "url": "https://dl.phoenixclient.ir/client/minecraft/libraries/org/apache/commons/commons-text/1.10.0/commons-text-1.10.0.jar"
                }
            },
            "name": "org.apache.commons:commons-text:1.10.0"
        },
        {
            "downloads": {
                "artifact": {
                    "path": "org/lwjgl/lwjgl-jemalloc/3.3.2/lwjgl-jemalloc-3.3.2.jar",
                    "sha256": "9e1a6a76b2c08fc72c2e893151930b2018cafd5a23d8242187c72d181cb587b0",
                    "size": 43233,
                    "url": "https://dl.phoenixclient.ir/client/minecraft/libraries/org/lwjgl/lwjgl-jemalloc/3.3.2/lwjgl-jemalloc-3.3.2.jar"
                }
            },
            "name": "org.lwjgl:lwjgl-jemalloc:3.3.2"
        },
        {
            "downloads": {
                "artifact": {
                    "path": "org/lwjgl/lwjgl-openal/3.3.2/lwjgl-openal-3.3.2-natives-linux-arm64.jar",
                    "sha256": "8cce87843180d72d4e9286d9e4137b83a5b724105c2fc9b170fd99e16dc63471",
                    "size": 590865,
                    "url": "https://dl.phoenixclient.ir/client/minecraft/libraries/org/lwjgl/lwjgl-openal/3.3.2/lwjgl-openal-3.3.2-natives-linux-arm64.jar"
                }
            },
            "name": "org.lwjgl:lwjgl-openal:3.3.2:natives-linux-arm64",
            "rules": [
                {
                    "action": "allow",
                    "os": {
                        "name": "linux"
                    }
                }
            ]
        },
        {
            "downloads": {
                "artifact": {
                    "path": "org/lwjgl/lwjgl-tinyfd/3.3.2/lwjgl-tinyfd-3.3.2-natives-macos.jar",
                    "sha256": "752a5da3a903d97310d4636bed063453a34ae6b40b4aff17c738f843c2420753",
                    "size": 45096,
                    "url": "https://dl.phoenixclient.ir/client/minecraft/libraries/org/lwjgl/lwjgl-tinyfd/3.3.2/lwjgl-tinyfd-3.3.2-natives-macos.jar"
                }
            },
            "name": "org.lwjgl:lwjgl-tinyfd:3.3.2:natives-macos",
            "rules": [
                {
                    "action": "allow",
                    "os": {
                        "name": "osx"
                    }
                }
            ]
        },
        {
            "downloads": {
                "artifact": {
                    "path": "org/lwjgl/lwjgl/3.3.2/lwjgl-3.3.2-natives-windows-x86.jar",
                    "sha256": "21e6f5c1c68a171398daf7785ffb2797da89242f90d19e24236563f7c0b1f7e0",
                    "size": 139365,
                    "url": "https://dl.phoenixclient.ir/client/minecraft/libraries/org/lwjgl/lwjgl/3.3.2/lwjgl-3.3.2-natives-windows-x86.jar"
                }
            },
            "name": "org.lwjgl:lwjgl:3.3.2:natives-windows-x86",
            "rules": [
                {
                    "action": "allow",
                    "os": {
                        "name": "windows"
                    }
                }
            ]
        },
        {
            "downloads": {
                "artifact": {
                    "path": "net/sf/jopt-simple/jopt-simple/5.0.4/jopt-simple-5.0.4.jar",
                    "sha256": "df26cc58f235f477db07f753ba5a3ab243ebe5789d9f89ecf68dd62ea9a66c28",
                    "size": 78146,
                    "url": "https://dl.phoenixclient.ir/client/minecraft/libraries/net/sf/jopt-simple/jopt-simple/5.0.4/jopt-simple-5.0.4.jar"
                }
            },
            "name": "net.sf.jopt-simple:jopt-simple:5.0.4"
        },
        {
            "downloads": {
                "artifact": {
                    "path": "org/lwjgl/lwjgl-stb/3.3.2/lwjgl-stb-3.3.2-natives-windows.jar",
                    "sha256": "41536558b0dd470c301078c1977badec51f113578ac520d391f6ae1ed374fe1b",
                    "size": 261137,
                    "url": "https://dl.phoenixclient.ir/client/minecraft/libraries/org/lwjgl/lwjgl-stb/3.3.2/lwjgl-stb-3.3.2-natives-windows.jar"
                }
            },
            "name": "org.lwjgl:lwjgl-stb:3.3.2:natives-windows",
            "rules": [
                {
                    "action": "allow",
                    "os": {
                        "name": "windows"
                    }
                }
            ]
        },
        {
            "downloads": {
                "artifact": {
                    "path": "org/lwjgl/lwjgl-tinyfd/3.3.2/lwjgl-tinyfd-3.3.2-natives-linux.jar",
                    "sha256": "7e1e74a67223a4c0103e2efee99d2fd3f513543eca1fcc860dbfc20e966f8c39",
                    "size": 43961,
                    "url": "https://dl.phoenixclient.ir/client/minecraft/libraries/org/lwjgl/lwjgl-tinyfd/3.3.2/lwjgl-tinyfd-3.3.2-natives-linux.jar"
                }
            },
            "name": "org.lwjgl:lwjgl-tinyfd:3.3.2:natives-linux",
            "rules": [
                {
                    "action": "allow",
                    "os": {
                        "name": "linux"
                    }
                }
            ]
        },
        {
            "downloads": {
                "artifact": {
                    "path": "org/lwjgl/lwjgl-glfw/3.3.2/lwjgl-glfw-3.3.2-natives-linux-arm64.jar",
                    "sha256": "7f65514c42482bfbaf11915405f112e43a31dcd4c339cb39dadf04af2c74bb75",
                    "size": 120168,
                    "url": "https://dl.phoenixclient.ir/client/minecraft/libraries/org/lwjgl/lwjgl-glfw/3.3.2/lwjgl-glfw-3.3.2-natives-linux-arm64.jar"
                }
            },
            "name": "org.lwjgl:lwjgl-glfw:3.3.2:natives-linux-arm64",
            "rules": [
                {
                    "action": "allow",
                    "os": {
                        "name": "linux"
                    }
                }
            ]
        },
        {
            "downloads": {
                "artifact": {
                    "path": "org/lwjgl/lwjgl-opengl/3.3.2/lwjgl-opengl-3.3.2-natives-linux-arm64.jar",
                    "sha256": "836e5641627f7bf3c966c93946f400cb77cdf65b8a347763e55e069d313e6def",
                    "size": 58627,
                    "url": "https://dl.phoenixclient.ir/client/minecraft/libraries/org/lwjgl/lwjgl-opengl/3.3.2/lwjgl-opengl-3.3.2-natives-linux-arm64.jar"
                }
            },
            "name": "org.lwjgl:lwjgl-opengl:3.3.2:natives-linux-arm64",
            "rules": [
                {
                    "action": "allow",
                    "os": {
                        "name": "linux"
                    }
                }
            ]
        },
        {
            "downloads": {
                "artifact": {
                    "path": "org/lwjgl/lwjgl-nanovg/3.3.2/lwjgl-nanovg-3.3.2-natives-linux-arm32.jar",
                    "sha256": "eed5ae240a5e7e09e9ffa33759107c646a739b95f1455c8566b43c6aa417ff14",
                    "size": 154066,
                    "url": "https://dl.phoenixclient.ir/client/minecraft/libraries/org/lwjgl/lwjgl-nanovg/3.3.2/lwjgl-nanovg-3.3.2-natives-linux-arm32.jar"
                }
            },
            "name": "org.lwjgl:lwjgl-nanovg:3.3.2:natives-linux-arm32",
            "rules": [
                {
                    "action": "allow",
                    "os": {
                        "name": "linux"
                    }
                }
            ]
        },
        {
            "downloads": {
                "artifact": {
                    "path": "commons-codec/commons-codec/1.16.0/commons-codec-1.16.0.jar",
                    "sha256": "56595fb20b0b85bc91d0d503dad50bb7f1b9afc0eed5dffa6cbb25929000484d",
                    "size": 360738,
                    "url": "https://dl.phoenixclient.ir/client/minecraft/libraries/commons-codec/commons-codec/1.16.0/commons-codec-1.16.0.jar"
                }
            },
            "name": "commons-codec:commons-codec:1.16.0"
        },
        {
            "downloads": {
                "artifact": {
                    "path": "org/lwjgl/lwjgl-glfw/3.3.2/lwjgl-glfw-3.3.2-natives-linux.jar",
                    "sha256": "2a65e24cf41e120a66296c05092774d5864fbf8df05d6759085df2ce5c037794",
                    "size": 115553,
                    "url": "https://dl.phoenixclient.ir/client/minecraft/libraries/org/lwjgl/lwjgl-glfw/3.3.2/lwjgl-glfw-3.3.2-natives-linux.jar"
                }
            },
            "name": "org.lwjgl:lwjgl-glfw:3.3.2:natives-linux",
            "rules": [
                {
                    "action": "allow",
                    "os": {
                        "name": "linux"
                    }
                }
            ]
        },
        {
            "downloads": {
                "artifact": {
                    "path": "com/google/guava/listenablefuture/9999.0-empty-to-avoid-conflict-with-guava/listenablefuture-9999.0-empty-to-avoid-conflict-with-guava.jar",
                    "sha256": "b372a037d4230aa57fbeffdef30fd6123f9c0c2db85d0aced00c91b974f33f99",
                    "size": 2199,
                    "url": "https://dl.phoenixclient.ir/client/minecraft/libraries/com/google/guava/listenablefuture/9999.0-empty-to-avoid-conflict-with-guava/listenablefuture-9999.0-empty-to-avoid-conflict-with-guava.jar"
                }
            },
            "name": "com.google.guava:listenablefuture:9999.0-empty-to-avoid-conflict-with-guava"
        },
        {
            "downloads": {
                "artifact": {
                    "path": "com/squareup/okhttp3/okhttp/3.12.12/okhttp-3.12.12.jar",
                    "sha256": "36f1cd0798fb231e5be189d0bfe2634d5879f73082be5718ca30a73d1ee15e4b",
                    "size": 427674,
                    "url": "https://dl.phoenixclient.ir/client/minecraft/libraries/com/squareup/okhttp3/okhttp/3.12.12/okhttp-3.12.12.jar"
                }
            },
            "name": "com.squareup.okhttp3:okhttp:3.12.12"
        },
        {
            "downloads": {
                "artifact": {
                    "path": "org/lwjgl/lwjgl-glfw/3.3.2/lwjgl-glfw-3.3.2-natives-linux-arm32.jar",
                    "sha256": "a0f9f4d636ea0de4031a59fe44904eb44943ed186dfcb8fc8436266b88007c18",
                    "size": 110067,
                    "url": "https://dl.phoenixclient.ir/client/minecraft/libraries/org/lwjgl/lwjgl-glfw/3.3.2/lwjgl-glfw-3.3.2-natives-linux-arm32.jar"
                }
            },
            "name": "org.lwjgl:lwjgl-glfw:3.3.2:natives-linux-arm32",
            "rules": [
                {
                    "action": "allow",
                    "os": {
                        "name": "linux"
                    }
                }
            ]
        },
        {
            "downloads": {
                "artifact": {
                    "path": "org/lwjgl/lwjgl/3.3.2/lwjgl-3.3.2-natives-macos.jar",
                    "sha256": "62603b9a92c789f0beb8ec25052f278d6f9ce02c6687c8f1afbc7483da54131a",
                    "size": 60240,
                    "url": "https://dl.phoenixclient.ir/client/minecraft/libraries/org/lwjgl/lwjgl/3.3.2/lwjgl-3.3.2-natives-macos.jar"
                }
            },
            "name": "org.lwjgl:lwjgl:3.3.2:natives-macos",
            "rules": [
                {
                    "action": "allow",
                    "os": {
                        "name": "osx"
                    }
                }
            ]
        },
        {
            "downloads": {
                "artifact": {
                    "path": "org/lwjgl/lwjgl-glfw/3.3.2/lwjgl-glfw-3.3.2-natives-windows-x86.jar",
                    "sha256": "46ccae36fe7dac1bc995f9a4ec67f2e963c4c868be81a81794be0e0b6cec58f8",
                    "size": 156550,
                    "url": "https://dl.phoenixclient.ir/client/minecraft/libraries/org/lwjgl/lwjgl-glfw/3.3.2/lwjgl-glfw-3.3.2-natives-windows-x86.jar"
                }
            },
            "name": "org.lwjgl:lwjgl-glfw:3.3.2:natives-windows-x86",
            "rules": [
                {
                    "action": "allow",
                    "os": {
                        "name": "windows"
                    }
                }
            ]
        },
        {
            "downloads": {
                "artifact": {
                    "path": "org/lwjgl/lwjgl-opengl/3.3.2/lwjgl-opengl-3.3.2-natives-linux.jar",
                    "sha256": "8956bca64d2851dc14ec6bfbfc55ce35fdff89270b5f2a3c9f70aea77f6d1e17",
                    "size": 80464,
                    "url": "https://dl.phoenixclient.ir/client/minecraft/libraries/org/lwjgl/lwjgl-opengl/3.3.2/lwjgl-opengl-3.3.2-natives-linux.jar"
                }
            },
            "name": "org.lwjgl:lwjgl-opengl:3.3.2:natives-linux",
            "rules": [
                {
                    "action": "allow",
                    "os": {
                        "name": "linux"
                    }
                }
            ]
        },
        {
            "downloads": {
                "artifact": {
                    "path": "org/lwjgl/lwjgl-jemalloc/3.3.2/lwjgl-jemalloc-3.3.2-natives-linux-arm32.jar",
                    "sha256": "b7e3565799dac2127a296e736923d6ac5ccbe3e9542c83d5f1326346abc71de5",
                    "size": 177571,
                    "url": "https://dl.phoenixclient.ir/client/minecraft/libraries/org/lwjgl/lwjgl-jemalloc/3.3.2/lwjgl-jemalloc-3.3.2-natives-linux-arm32.jar"
                }
            },
            "name": "org.lwjgl:lwjgl-jemalloc:3.3.2:natives-linux-arm32",
            "rules": [
                {
                    "action": "allow",
                    "os": {
                        "name": "linux"
                    }
                }
            ]
        },
        {
            "downloads": {
                "artifact": {
                    "path": "org/lwjgl/lwjgl-stb/3.3.2/lwjgl-stb-3.3.2-natives-linux.jar",
                    "sha256": "8b45045d90bbd49d202de35d4650f2450c2ed5aa7dc870f2ac5b7d3941719854",
                    "size": 231821,
                    "url": "https://dl.phoenixclient.ir/client/minecraft/libraries/org/lwjgl/lwjgl-stb/3.3.2/lwjgl-stb-3.3.2-natives-linux.jar"
                }
            },
            "name": "org.lwjgl:lwjgl-stb:3.3.2:natives-linux",
            "rules": [
                {
                    "action": "allow",
                    "os": {
                        "name": "linux"
                    }
                }
            ]
        },
        {
            "downloads": {
                "artifact": {
                    "path": "io/netty/netty-transport/4.1.96.Final/netty-transport-4.1.96.Final.jar",
                    "sha256": "8fe3afbe8b094a7b9f1eb27becf1cf017e5572343c1744d2b6040d5f331e84e3",
                    "size": 489581,
                    "url": "https://dl.phoenixclient.ir/client/minecraft/libraries/io/netty/netty-transport/4.1.96.Final/netty-transport-4.1.96.Final.jar"
                }
            },
            "name": "io.netty:netty-transport:4.1.96.Final"
        },
        {
            "downloads": {
                "artifact": {
                    "path": "org/lwjgl/lwjgl-jemalloc/3.3.2/lwjgl-jemalloc-3.3.2-natives-windows-x86.jar",
                    "sha256": "3ccdb174653fa6c2d8d7e91cd55931beb68f40a8390f57cdf3a59a0b7743f758",
                    "size": 148041,
                    "url": "https://dl.phoenixclient.ir/client/minecraft/libraries/org/lwjgl/lwjgl-jemalloc/3.3.2/lwjgl-jemalloc-3.3.2-natives-windows-x86.jar"
                }
            },
            "name": "org.lwjgl:lwjgl-jemalloc:3.3.2:natives-windows-x86",
            "rules": [
                {
                    "action": "allow",
                    "os": {
                        "name": "windows"
                    }
                }
            ]
        },
        {
            "downloads": {
                "artifact": {
                    "path": "org/lwjgl/lwjgl-tinyfd/3.3.2/lwjgl-tinyfd-3.3.2.jar",
                    "sha256": "0fd2aa644f3b937cc38102fe1fde8103f5aa6ba00de587cec378f92f50101cfa",
                    "size": 13404,
                    "url": "https://dl.phoenixclient.ir/client/minecraft/libraries/org/lwjgl/lwjgl-tinyfd/3.3.2/lwjgl-tinyfd-3.3.2.jar"
                }
            },
            "name": "org.lwjgl:lwjgl-tinyfd:3.3.2"
        },
        {
            "downloads": {
                "artifact": {
                    "path": "org/lwjgl/lwjgl-openal/3.3.2/lwjgl-openal-3.3.2-natives-windows.jar",
                    "sha256": "1d68a16c6177cdb6bf48a0e2ccbb2a38990ddcbd2f9d77a56575e38225478800",
                    "size": 694908,
                    "url": "https://dl.phoenixclient.ir/client/minecraft/libraries/org/lwjgl/lwjgl-openal/3.3.2/lwjgl-openal-3.3.2-natives-windows.jar"
                }
            },
            "name": "org.lwjgl:lwjgl-openal:3.3.2:natives-windows",
            "rules": [
                {
                    "action": "allow",
                    "os": {
                        "name": "windows"
                    }
                }
            ]
        },
        {
            "downloads": {
                "artifact": {
                    "path": "org/lwjgl/lwjgl-opengl/3.3.2/lwjgl-opengl-3.3.2-natives-windows-x86.jar",
                    "sha256": "c3a32053bb4c042489f40936926487cdaf33089185b847fb298b84a62b5703ff",
                    "size": 88610,
                    "url": "https://dl.phoenixclient.ir/client/minecraft/libraries/org/lwjgl/lwjgl-opengl/3.3.2/lwjgl-opengl-3.3.2-natives-windows-x86.jar"
                }
            },
            "name": "org.lwjgl:lwjgl-opengl:3.3.2:natives-windows-x86",
            "rules": [
                {
                    "action": "allow",
                    "os": {
                        "name": "windows"
                    }
                }
            ]
        },
        {
            "downloads": {
                "artifact": {
                    "path": "org/json/json/20230618/json-20230618.jar",
                    "sha256": "7004007a9fd87fe1d86f673b472c0372e5bc50bacb724c029a6112d7c4b4a640",
                    "size": 73447,
                    "url": "https://dl.phoenixclient.ir/client/minecraft/libraries/org/json/json/20230618/json-20230618.jar"
                }
            },
            "name": "org.json:json:20230618"
        },
        {
            "downloads": {
                "artifact": {
                    "path": "org/lwjgl/lwjgl-openal/3.3.2/lwjgl-openal-3.3.2-natives-linux.jar",
                    "sha256": "7378eb675963247b2912251502646a206ed01ba64629c91d614a1c3b429f7abd",
                    "size": 579919,
                    "url": "https://dl.phoenixclient.ir/client/minecraft/libraries/org/lwjgl/lwjgl-openal/3.3.2/lwjgl-openal-3.3.2-natives-linux.jar"
                }
            },
            "name": "org.lwjgl:lwjgl-openal:3.3.2:natives-linux",
            "rules": [
                {
                    "action": "allow",
                    "os": {
                        "name": "linux"
                    }
                }
            ]
        },
        {
            "downloads": {
                "artifact": {
                    "path": "org/lwjgl/lwjgl/3.3.2/lwjgl-3.3.2.jar",
                    "sha256": "f8016606e74f3cafd63eae07b1331f903f999c9f40726c838399a144c3809217",
                    "size": 786196,
                    "url": "https://dl.phoenixclient.ir/client/minecraft/libraries/org/lwjgl/lwjgl/3.3.2/lwjgl-3.3.2.jar"
                }
            },
            "name": "org.lwjgl:lwjgl:3.3.2"
        },
        {
            "downloads": {
                "artifact": {
                    "path": "com/google/errorprone/error_prone_annotations/2.21.1/error_prone_annotations-2.21.1.jar",
                    "sha256": "d1f3c66aa91ac52549e00ae3b208ba4b9af7d72d68f230643553beb38e6118ac",
                    "size": 16830,
                    "url": "https://dl.phoenixclient.ir/client/minecraft/libraries/com/google/errorprone/error_prone_annotations/2.21.1/error_prone_annotations-2.21.1.jar"
                }
            },
            "name": "com.google.errorprone:error_prone_annotations:2.21.1"
        },
        {
            "downloads": {
                "artifact": {
                    "path": "org/lwjgl/lwjgl-tinyfd/3.3.2/lwjgl-tinyfd-3.3.2-natives-linux-arm32.jar",
                    "sha256": "b488db6d3a16f6ed37a8a6979b95ceb06fa414a4eb52cb1b25ac6977da94f705",
                    "size": 48788,
                    "url": "https://dl.phoenixclient.ir/client/minecraft/libraries/org/lwjgl/lwjgl-tinyfd/3.3.2/lwjgl-tinyfd-3.3.2-natives-linux-arm32.jar"
                }
            },
            "name": "org.lwjgl:lwjgl-tinyfd:3.3.2:natives-linux-arm32",
            "rules": [
                {
                    "action": "allow",
                    "os": {
                        "name": "linux"
                    }
                }
            ]
        },
        {
            "downloads": {
                "artifact": {
                    "path": "io/netty/netty-handler/4.1.96.Final/netty-handler-4.1.96.Final.jar",
                    "sha256": "574ebef95a16053246ab692773d75d8bd7907b709e1083a096fa6ab2a6d6c2b3",
                    "size": 557737,
                    "url": "https://dl.phoenixclient.ir/client/minecraft/libraries/io/netty/netty-handler/4.1.96.Final/netty-handler-4.1.96.Final.jar"
                }
            },
            "name": "io.netty:netty-handler:4.1.96.Final"
        },
        {
            "downloads": {
                "artifact": {
                    "path": "org/lwjgl/lwjgl-tinyfd/3.3.2/lwjgl-tinyfd-3.3.2-natives-windows-x86.jar",
                    "sha256": "ac053c6e1d330b38b258a6c0845b913362dea51c8046c504a42338a127f95853",
                    "size": 111596,
                    "url": "https://dl.phoenixclient.ir/client/minecraft/libraries/org/lwjgl/lwjgl-tinyfd/3.3.2/lwjgl-tinyfd-3.3.2-natives-windows-x86.jar"
                }
            },
            "name": "org.lwjgl:lwjgl-tinyfd:3.3.2:natives-windows-x86",
            "rules": [
                {
                    "action": "allow",
                    "os": {
                        "name": "windows"
                    }
                }
            ]
        },
        {
            "downloads": {
                "artifact": {
                    "path": "org/lwjgl/lwjgl-nanovg/3.3.2/lwjgl-nanovg-3.3.2-natives-windows.jar",
                    "sha256": "1f4dda93f3e365ec3742b1a8cbb028c6697651913b41db6b77285a4c9e4bc97d",
                    "size": 268775,
                    "url": "https://dl.phoenixclient.ir/client/minecraft/libraries/org/lwjgl/lwjgl-nanovg/3.3.2/lwjgl-nanovg-3.3.2-natives-windows.jar"
                }
            },
            "name": "org.lwjgl:lwjgl-nanovg:3.3.2:natives-windows",
            "rules": [
                {
                    "action": "allow",
                    "os": {
                        "name": "windows"
                    }
                }
            ]
        },
        {
            "downloads": {
                "artifact": {
                    "path": "org/lwjgl/lwjgl-glfw/3.3.2/lwjgl-glfw-3.3.2-natives-macos.jar",
                    "sha256": "21d1c05f95f8cd1a311f4fa01114393485885a18b66417a0186147e6e41525d0",
                    "size": 140627,
                    "url": "https://dl.phoenixclient.ir/client/minecraft/libraries/org/lwjgl/lwjgl-glfw/3.3.2/lwjgl-glfw-3.3.2-natives-macos.jar"
                }
            },
            "name": "org.lwjgl:lwjgl-glfw:3.3.2:natives-macos",
            "rules": [
                {
                    "action": "allow",
                    "os": {
                        "name": "osx"
                    }
                }
            ]
        },
        {
            "downloads": {
                "artifact": {
                    "path": "com/mojang/authlib/4.0.43/authlib-4.0.43.jar",
                    "sha256": "697043d19e0b84b04f011dbec1bec3d80c04d8c468e7e4c6b221c0183bc1c0ef",
                    "size": 121766,
                    "url": "https://dl.phoenixclient.ir/client/minecraft/libraries/com/mojang/authlib/4.0.43/authlib-4.0.43.jar"
                }
            },
            "name": "com.mojang:authlib:4.0.43"
        },
        {
            "downloads": {
                "artifact": {
                    "path": "org/lwjgl/lwjgl-stb/3.3.2/lwjgl-stb-3.3.2-natives-linux-arm64.jar",
                    "sha256": "5d249ec5c985393407010a1739a94a1104ffafc7b2b1d097093cabc207632dac",
                    "size": 207419,
                    "url": "https://dl.phoenixclient.ir/client/minecraft/libraries/org/lwjgl/lwjgl-stb/3.3.2/lwjgl-stb-3.3.2-natives-linux-arm64.jar"
                }
            },
            "name": "org.lwjgl:lwjgl-stb:3.3.2:natives-linux-arm64",
            "rules": [
                {
                    "action": "allow",
                    "os": {
                        "name": "linux"
                    }
                }
            ]
        },
        {
            "downloads": {
                "artifact": {
                    "path": "org/lwjgl/lwjgl-nanovg/3.3.2/lwjgl-nanovg-3.3.2-natives-macos.jar",
                    "sha256": "8c30d8df1d889d559c28e6e32663d7b10f79b14e97b31a7a1bfb9c0419c95883",
                    "size": 202097,
                    "url": "https://dl.phoenixclient.ir/client/minecraft/libraries/org/lwjgl/lwjgl-nanovg/3.3.2/lwjgl-nanovg-3.3.2-natives-macos.jar"
                }
            },
            "name": "org.lwjgl:lwjgl-nanovg:3.3.2:natives-macos",
            "rules": [
                {
                    "action": "allow",
                    "os": {
                        "name": "osx"
                    }
                }
            ]
        },
        {
            "downloads": {
                "artifact": {
                    "path": "org/lwjgl/lwjgl-opengl/3.3.2/lwjgl-opengl-3.3.2-natives-macos.jar",
                    "sha256": "0c6a78c4e696deaddefd8346b4c13883704b36a890003075a33ccba2d1a13c2d",
                    "size": 41485,
                    "url": "https://dl.phoenixclient.ir/client/minecraft/libraries/org/lwjgl/lwjgl-opengl/3.3.2/lwjgl-opengl-3.3.2-natives-macos.jar"
                }
            },
            "name": "org.lwjgl:lwjgl-opengl:3.3.2:natives-macos",
            "rules": [
                {
                    "action": "allow",
                    "os": {
                        "name": "osx"
                    }
                }
            ]
        },
        {
            "downloads": {
                "artifact": {
                    "path": "org/lwjgl/lwjgl-nanovg/3.3.2/lwjgl-nanovg-3.3.2-natives-macos-arm64.jar",
                    "sha256": "12cfb2714e16ffd9dc70cdf2ab9bbd036e7c32c64d5cc0b22438991b3e7cb8f1",
                    "size": 174069,
                    "url": "https://dl.phoenixclient.ir/client/minecraft/libraries/org/lwjgl/lwjgl-nanovg/3.3.2/lwjgl-nanovg-3.3.2-natives-macos-arm64.jar"
                }
            },
            "name": "org.lwjgl:lwjgl-nanovg:3.3.2:natives-macos-arm64",
            "rules": [
                {
                    "action": "allow",
                    "os": {
                        "name": "osx"
                    }
                }
            ]
        },
        {
            "downloads": {
                "artifact": {
                    "path": "org/lwjgl/lwjgl-jemalloc/3.3.2/lwjgl-jemalloc-3.3.2-natives-windows.jar",
                    "sha256": "54dd598ae5e41a414914d54beb7108709f7ab393f306c0084c971824d48734f5",
                    "size": 180026,
                    "url": "https://dl.phoenixclient.ir/client/minecraft/libraries/org/lwjgl/lwjgl-jemalloc/3.3.2/lwjgl-jemalloc-3.3.2-natives-windows.jar"
                }
            },
            "name": "org.lwjgl:lwjgl-jemalloc:3.3.2:natives-windows",
            "rules": [
                {
                    "action": "allow",
                    "os": {
                        "name": "windows"
                    }
                }
            ]
        },
        {
            "downloads": {
                "artifact": {
                    "path": "net/java/dev/jna/jna-platform/5.13.0/jna-platform-5.13.0.jar",
                    "sha256": "474d7b88f6e97009b6ec1d98c3024dd95c23187c65dabfbc35331bcac3d173dd",
                    "size": 1363209,
                    "url": "https://dl.phoenixclient.ir/client/minecraft/libraries/net/java/dev/jna/jna-platform/5.13.0/jna-platform-5.13.0.jar"
                }
            },
            "name": "net.java.dev.jna:jna-platform:5.13.0"
        },
        {
            "downloads": {
                "artifact": {
                    "path": "org/lwjgl/lwjgl-opengl/3.3.2/lwjgl-opengl-3.3.2-natives-windows.jar",
                    "sha256": "0275a42f91c6bc5f08bdc1f7c7e263058cc99dbed7c710a025e4ad175e9a0edd",
                    "size": 101530,
                    "url": "https://dl.phoenixclient.ir/client/minecraft/libraries/org/lwjgl/lwjgl-opengl/3.3.2/lwjgl-opengl-3.3.2-natives-windows.jar"
                }
            },
            "name": "org.lwjgl:lwjgl-opengl:3.3.2:natives-windows",
            "rules": [
                {
                    "action": "allow",
                    "os": {
                        "name": "windows"
                    }
                }
            ]
        },
        {
            "downloads": {
                "artifact": {
                    "path": "org/lwjgl/lwjgl-glfw/3.3.2/lwjgl-glfw-3.3.2-natives-windows-arm64.jar",
                    "sha256": "efffd0205d2c0501f902aa205e5ed29f273c1efb3948031f052591758d140af9",
                    "size": 141892,
                    "url": "https://dl.phoenixclient.ir/client/minecraft/libraries/org/lwjgl/lwjgl-glfw/3.3.2/lwjgl-glfw-3.3.2-natives-windows-arm64.jar"
                }
            },
            "name": "org.lwjgl:lwjgl-glfw:3.3.2:natives-windows-arm64",
            "rules": [
                {
                    "action": "allow",
                    "os": {
                        "name": "windows"
                    }
                }
            ]
        },
        {
            "downloads": {
                "artifact": {
                    "path": "org/lwjgl/lwjgl-jemalloc/3.3.2/lwjgl-jemalloc-3.3.2-natives-linux.jar",
                    "sha256": "3c1d4d643fb595481fb9654dbdd63523f6f42ac993c28571c575ab1de78413c2",
                    "size": 204677,
                    "url": "https://dl.phoenixclient.ir/client/minecraft/libraries/org/lwjgl/lwjgl-jemalloc/3.3.2/lwjgl-jemalloc-3.3.2-natives-linux.jar"
                }
            },
            "name": "org.lwjgl:lwjgl-jemalloc:3.3.2:natives-linux",
            "rules": [
                {
                    "action": "allow",
                    "os": {
                        "name": "linux"
                    }
                }
            ]
        },
        {
            "downloads": {
                "artifact": {
                    "path": "com/google/j2objc/j2objc-annotations/2.8/j2objc-annotations-2.8.jar",
                    "sha256": "f02a95fa1a5e95edb3ed859fd0fb7df709d121a35290eff8b74dce2ab7f4d6ed",
                    "size": 9301,
                    "url": "https://dl.phoenixclient.ir/client/minecraft/libraries/com/google/j2objc/j2objc-annotations/2.8/j2objc-annotations-2.8.jar"
                }
            },
            "name": "com.google.j2objc:j2objc-annotations:2.8"
        },
        {
            "downloads": {
                "artifact": {
                    "path": "commons-io/commons-io/2.13.0/commons-io-2.13.0.jar",
                    "sha256": "671eaa39688dac2ffaa4645b3c9980ae2d0ea2471e4ae6a5da199cd15ae23666",
                    "size": 483954,
                    "url": "https://dl.phoenixclient.ir/client/minecraft/libraries/commons-io/commons-io/2.13.0/commons-io-2.13.0.jar"
                }
            },
            "name": "commons-io:commons-io:2.13.0"
        },
        {
            "downloads": {
                "artifact": {
                    "path": "com/mojang/logging/1.1.1/logging-1.1.1.jar",
                    "sha256": "c1756eaf0685da94142bacc84309bb7ccddf65e004638c3299ab645710b5938c",
                    "size": 15343,
                    "url": "https://dl.phoenixclient.ir/client/minecraft/libraries/com/mojang/logging/1.1.1/logging-1.1.1.jar"
                }
            },
            "name": "com.mojang:logging:1.1.1"
        },
        {
            "downloads": {
                "artifact": {
                    "path": "org/lwjgl/lwjgl-stb/3.3.2/lwjgl-stb-3.3.2.jar",
                    "sha256": "48ad3b167188dc29482ae51a318b3b486e0db7b1c414fc4f09856789220f56b6",
                    "size": 118874,
                    "url": "https://dl.phoenixclient.ir/client/minecraft/libraries/org/lwjgl/lwjgl-stb/3.3.2/lwjgl-stb-3.3.2.jar"
                }
            },
            "name": "org.lwjgl:lwjgl-stb:3.3.2"
        },
        {
            "downloads": {
                "artifact": {
                    "path": "org/joml/joml/1.10.5/joml-1.10.5.jar",
                    "sha256": "cac9f22f83a7aa33eebda73c16ff5261e3cb4911b6bafcf4c79ea486099d0c9a",
                    "size": 712082,
                    "url": "https://dl.phoenixclient.ir/client/minecraft/libraries/org/joml/joml/1.10.5/joml-1.10.5.jar"
                }
            },
            "name": "org.joml:joml:1.10.5"
        },
        {
            "downloads": {
                "artifact": {
                    "path": "com/google/guava/failureaccess/1.0.1/failureaccess-1.0.1.jar",
                    "sha256": "a171ee4c734dd2da837e4b16be9df4661afab72a41adaf31eb84dfdaf936ca26",
                    "size": 4617,
                    "url": "https://dl.phoenixclient.ir/client/minecraft/libraries/com/google/guava/failureaccess/1.0.1/failureaccess-1.0.1.jar"
                }
            },
            "name": "com.google.guava:failureaccess:1.0.1"
        },
        {
            "downloads": {
                "artifact": {
                    "path": "org/lwjgl/lwjgl-openal/3.3.2/lwjgl-openal-3.3.2-natives-macos.jar",
                    "sha256": "4cbf85b3dd09abb924654d5fb119902080e9b9718e170cdc044110816558f58e",
                    "size": 515159,
                    "url": "https://dl.phoenixclient.ir/client/minecraft/libraries/org/lwjgl/lwjgl-openal/3.3.2/lwjgl-openal-3.3.2-natives-macos.jar"
                }
            },
            "name": "org.lwjgl:lwjgl-openal:3.3.2:natives-macos",
            "rules": [
                {
                    "action": "allow",
                    "os": {
                        "name": "osx"
                    }
                }
            ]
        },
        {
            "downloads": {
                "artifact": {
                    "path": "it/unimi/dsi/fastutil/8.5.12/fastutil-8.5.12.jar",
                    "sha256": "b5543ee08d062d551cf0a5c9bc0fb70588b0382079029ba48941fa9c9be8a5d4",
                    "size": 23326598,
                    "url": "https://dl.phoenixclient.ir/client/minecraft/libraries/it/unimi/dsi/fastutil/8.5.12/fastutil-8.5.12.jar"
                }
            },
            "name": "it.unimi.dsi:fastutil:8.5.12"
        },
        {
            "downloads": {
                "artifact": {
                    "path": "org/lwjgl/lwjgl-opengl/3.3.2/lwjgl-opengl-3.3.2-natives-linux-arm32.jar",
                    "sha256": "ca7f99a01d76e25c8e0560bc9128c8a3a9401f1e1bd24d27f44d6b4899803a5d",
                    "size": 59265,
                    "url": "https://dl.phoenixclient.ir/client/minecraft/libraries/org/lwjgl/lwjgl-opengl/3.3.2/lwjgl-opengl-3.3.2-natives-linux-arm32.jar"
                }
            },
            "name": "org.lwjgl:lwjgl-opengl:3.3.2:natives-linux-arm32",
            "rules": [
                {
                    "action": "allow",
                    "os": {
                        "name": "linux"
                    }
                }
            ]
        },
        {
            "downloads": {
                "artifact": {
                    "path": "org/lwjgl/lwjgl-stb/3.3.2/lwjgl-stb-3.3.2-natives-windows-arm64.jar",
                    "sha256": "4ad43a726185315afa9f4c2d91f6dda7655bad0e7ff940b5bc07ce4a0ff50b98",
                    "size": 218460,
                    "url": "https://dl.phoenixclient.ir/client/minecraft/libraries/org/lwjgl/lwjgl-stb/3.3.2/lwjgl-stb-3.3.2-natives-windows-arm64.jar"
                }
            },
            "name": "org.lwjgl:lwjgl-stb:3.3.2:natives-windows-arm64",
            "rules": [
                {
                    "action": "allow",
                    "os": {
                        "name": "windows"
                    }
                }
            ]
        },
        {
            "downloads": {
                "artifact": {
                    "path": "org/lwjgl/lwjgl-nanovg/3.3.2/lwjgl-nanovg-3.3.2-natives-windows-x86.jar",
                    "sha256": "7cc6e34c9c95a480b11635d6e0997ec9ee5ee7f3c3ad4e618893eec315a93bf1",
                    "size": 241904,
                    "url": "https://dl.phoenixclient.ir/client/minecraft/libraries/org/lwjgl/lwjgl-nanovg/3.3.2/lwjgl-nanovg-3.3.2-natives-windows-x86.jar"
                }
            },
            "name": "org.lwjgl:lwjgl-nanovg:3.3.2:natives-windows-x86",
            "rules": [
                {
                    "action": "allow",
                    "os": {
                        "name": "windows"
                    }
                }
            ]
        },
        {
            "downloads": {
                "artifact": {
                    "path": "org/lwjgl/lwjgl-nanovg/3.3.2/lwjgl-nanovg-3.3.2-natives-linux-arm64.jar",
                    "sha256": "e95268631d7dccf2d0c6e7254b724377df206606ddb6ecb40faebf91f2696a72",
                    "size": 181264,
                    "url": "https://dl.phoenixclient.ir/client/minecraft/libraries/org/lwjgl/lwjgl-nanovg/3.3.2/lwjgl-nanovg-3.3.2-natives-linux-arm64.jar"
                }
            },
            "name": "org.lwjgl:lwjgl-nanovg:3.3.2:natives-linux-arm64",
            "rules": [
                {
                    "action": "allow",
                    "os": {
                        "name": "linux"
                    }
                }
            ]
        },
        {
            "downloads": {
                "artifact": {
                    "path": "org/lwjgl/lwjgl-stb/3.3.2/lwjgl-stb-3.3.2-natives-macos-arm64.jar",
                    "sha256": "998a5142f97fc60c799ea59616bddafd047c0e7f7ac1a2aadb31abbdbcadcfb8",
                    "size": 183630,
                    "url": "https://dl.phoenixclient.ir/client/minecraft/libraries/org/lwjgl/lwjgl-stb/3.3.2/lwjgl-stb-3.3.2-natives-macos-arm64.jar"
                }
            },
            "name": "org.lwjgl:lwjgl-stb:3.3.2:natives-macos-arm64",
            "rules": [
                {
                    "action": "allow",
                    "os": {
                        "name": "osx"
                    }
                }
            ]
        },
        {
            "downloads": {
                "artifact": {
                    "path": "org/lwjgl/lwjgl-stb/3.3.2/lwjgl-stb-3.3.2-natives-macos.jar",
                    "sha256": "8d26236c030cf5bafcda73c0ac8c9ee9629cfb661b6e4de5837cbb5040d02a87",
                    "size": 216457,
                    "url": "https://dl.phoenixclient.ir/client/minecraft/libraries/org/lwjgl/lwjgl-stb/3.3.2/lwjgl-stb-3.3.2-natives-macos.jar"
                }
            },
            "name": "org.lwjgl:lwjgl-stb:3.3.2:natives-macos",
            "rules": [
                {
                    "action": "allow",
                    "os": {
                        "name": "osx"
                    }
                }
            ]
        },
        {
            "downloads": {
                "artifact": {
                    "path": "org/lwjgl/lwjgl-opengl/3.3.2/lwjgl-opengl-3.3.2-natives-windows-arm64.jar",
                    "sha256": "f8ab8ceac5a5b3e53f59ef4c717c3d4434cb7fa33969f240489d539f572c33b0",
                    "size": 83132,
                    "url": "https://dl.phoenixclient.ir/client/minecraft/libraries/org/lwjgl/lwjgl-opengl/3.3.2/lwjgl-opengl-3.3.2-natives-windows-arm64.jar"
                }
            },
            "name": "org.lwjgl:lwjgl-opengl:3.3.2:natives-windows-arm64",
            "rules": [
                {
                    "action": "allow",
                    "os": {
                        "name": "windows"
                    }
                }
            ]
        },
        {
            "downloads": {
                "artifact": {
                    "path": "org/lwjgl/lwjgl-tinyfd/3.3.2/lwjgl-tinyfd-3.3.2-natives-macos-arm64.jar",
                    "sha256": "bf1b8dfedde0bfd56dbd85dae6f66f340717bed56b2399c90c83d4857ecfba1f",
                    "size": 41812,
                    "url": "https://dl.phoenixclient.ir/client/minecraft/libraries/org/lwjgl/lwjgl-tinyfd/3.3.2/lwjgl-tinyfd-3.3.2-natives-macos-arm64.jar"
                }
            },
            "name": "org.lwjgl:lwjgl-tinyfd:3.3.2:natives-macos-arm64",
            "rules": [
                {
                    "action": "allow",
                    "os": {
                        "name": "osx"
                    }
                }
            ]
        },
        {
            "downloads": {
                "artifact": {
                    "path": "net/java/dev/jna/jna/5.13.0/jna-5.13.0.jar",
                    "sha256": "66d4f819a062a51a1d5627bffc23fac55d1677f0e0a1feba144aabdd670a64bb",
                    "size": 1879325,
                    "url": "https://dl.phoenixclient.ir/client/minecraft/libraries/net/java/dev/jna/jna/5.13.0/jna-5.13.0.jar"
                }
            },
            "name": "net.java.dev.jna:jna:5.13.0"
        },
        {
            "downloads": {
                "artifact": {
                    "path": "org/apache/logging/log4j/log4j-slf4j2-impl/2.20.0/log4j-slf4j2-impl-2.20.0.jar",
                    "sha256": "b8dd3e4ea9cffa18db5f301cd8c539158662e691efd4701aa87b4d09961bd8b0",
                    "size": 26430,
                    "url": "https://dl.phoenixclient.ir/client/minecraft/libraries/org/apache/logging/log4j/log4j-slf4j2-impl/2.20.0/log4j-slf4j2-impl-2.20.0.jar"
                }
            },
            "name": "org.apache.logging.log4j:log4j-slf4j2-impl:2.20.0"
        },
        {
            "downloads": {
                "artifact": {
                    "path": "io/socket/engine.io-client/2.1.0/engine.io-client-2.1.0.jar",
                    "sha256": "84bb94a41b0bd1f6f5762804ecc04b3626c3397aa2cfbc22daba6eb0622ee575",
                    "size": 102014,
                    "url": "https://dl.phoenixclient.ir/client/minecraft/libraries/io/socket/engine.io-client/2.1.0/engine.io-client-2.1.0.jar"
                }
            },
            "name": "io.socket:engine.io-client:2.1.0"
        },
        {
            "downloads": {
                "artifact": {
                    "path": "io/netty/netty-resolver/4.1.96.Final/netty-resolver-4.1.96.Final.jar",
                    "sha256": "54951fae449fa343038fc57855abf5822918d52ca5a302a421f327cad9c75cf1",
                    "size": 37791,
                    "url": "https://dl.phoenixclient.ir/client/minecraft/libraries/io/netty/netty-resolver/4.1.96.Final/netty-resolver-4.1.96.Final.jar"
                }
            },
            "name": "io.netty:netty-resolver:4.1.96.Final"
        },
        {
            "downloads": {
                "artifact": {
                    "path": "org/checkerframework/checker-qual/3.37.0/checker-qual-3.37.0.jar",
                    "sha256": "e4ce1376cc2735e1dde220b62ad0913f51297704daad155a33f386bc5db0d9f7",
                    "size": 224460,
                    "url": "https://dl.phoenixclient.ir/client/minecraft/libraries/org/checkerframework/checker-qual/3.37.0/checker-qual-3.37.0.jar"
                }
            },
            "name": "org.checkerframework:checker-qual:3.37.0"
        },
        {
            "downloads": {
                "artifact": {
                    "path": "org/lwjgl/lwjgl-opengl/3.3.2/lwjgl-opengl-3.3.2-natives-macos-arm64.jar",
                    "sha256": "3120ecbcccf31f36064f260fa0127b4a359097a294ac5b3e7675d1867168f2e6",
                    "size": 42490,
                    "url": "https://dl.phoenixclient.ir/client/minecraft/libraries/org/lwjgl/lwjgl-opengl/3.3.2/lwjgl-opengl-3.3.2-natives-macos-arm64.jar"
                }
            },
            "name": "org.lwjgl:lwjgl-opengl:3.3.2:natives-macos-arm64",
            "rules": [
                {
                    "action": "allow",
                    "os": {
                        "name": "osx"
                    }
                }
            ]
        },
        {
            "downloads": {
                "artifact": {
                    "path": "org/lwjgl/lwjgl-jemalloc/3.3.2/lwjgl-jemalloc-3.3.2-natives-macos.jar",
                    "sha256": "7f31f5c98787e0d6665e8b46c770bc8f61032004498cc15c1c1a5e7179339286",
                    "size": 153695,
                    "url": "https://dl.phoenixclient.ir/client/minecraft/libraries/org/lwjgl/lwjgl-jemalloc/3.3.2/lwjgl-jemalloc-3.3.2-natives-macos.jar"
                }
            },
            "name": "org.lwjgl:lwjgl-jemalloc:3.3.2:natives-macos",
            "rules": [
                {
                    "action": "allow",
                    "os": {
                        "name": "osx"
                    }
                }
            ]
        },
        {
            "downloads": {
                "artifact": {
                    "path": "io/netty/netty-transport-classes-epoll/4.1.96.Final/netty-transport-classes-epoll-4.1.96.Final.jar",
                    "sha256": "1591b3ea061932677dc2bab6cb7d82e8f1837a52b3c781f4daa99984ec87a9cd",
                    "size": 147152,
                    "url": "https://dl.phoenixclient.ir/client/minecraft/libraries/io/netty/netty-transport-classes-epoll/4.1.96.Final/netty-transport-classes-epoll-4.1.96.Final.jar"
                }
            },
            "name": "io.netty:netty-transport-classes-epoll:4.1.96.Final"
        },
        {
            "downloads": {
                "artifact": {
                    "path": "com/luciad/imageio/webp/Webp-ImageIO/webp-Webp-ImageIO.jar",
                    "sha256": "98103906a29537356f09705c1fd62c2eb36a0ddf01393770219085a00c85fe92",
                    "size": 1098615,
                    "url": "https://dl.phoenixclient.ir/client/minecraft/libraries/com/luciad/imageio/webp/Webp-ImageIO/webp-Webp-ImageIO.jar"
                }
            },
            "name": "com.luciad.imageio:webp:Webp-ImageIO"
        },
        {
            "downloads": {
                "artifact": {
                    "path": "org/lwjgl/lwjgl-openal/3.3.2/lwjgl-openal-3.3.2-natives-linux-arm32.jar",
                    "sha256": "3b894eec5c39cc83dd75368394dd7be6f104aaff1d5d7388d8a3ec0bf493badd",
                    "size": 503352,
                    "url": "https://dl.phoenixclient.ir/client/minecraft/libraries/org/lwjgl/lwjgl-openal/3.3.2/lwjgl-openal-3.3.2-natives-linux-arm32.jar"
                }
            },
            "name": "org.lwjgl:lwjgl-openal:3.3.2:natives-linux-arm32",
            "rules": [
                {
                    "action": "allow",
                    "os": {
                        "name": "linux"
                    }
                }
            ]
        },
        {
            "downloads": {
                "artifact": {
                    "path": "me/rezanajafian/msa/MicrosoftAuthenticator/msa-MicrosoftAuthenticator.jar",
                    "sha256": "870f4df998776cf7364ea2cfbc4c34b983280850d124445e6665e4658abe0854",
                    "size": 55107,
                    "url": "https://dl.phoenixclient.ir/client/minecraft/libraries/me/rezanajafian/msa/MicrosoftAuthenticator/msa-MicrosoftAuthenticator.jar"
                }
            },
            "name": "me.rezanajafian:msa:MicrosoftAuthenticator"
        },
        {
            "downloads": {
                "artifact": {
                    "path": "org/apache/httpcomponents/client5/httpclient5/5.2.1/httpclient5-5.2.1.jar",
                    "sha256": "9355f3876baf82fec13ced22c12b62d57536230836406d359459128e4f73ed51",
                    "size": 839626,
                    "url": "https://dl.phoenixclient.ir/client/minecraft/libraries/org/apache/httpcomponents/client5/httpclient5/5.2.1/httpclient5-5.2.1.jar"
                }
            },
            "name": "org.apache.httpcomponents.client5:httpclient5:5.2.1"
        },
        {
            "downloads": {
                "artifact": {
                    "path": "org/lwjgl/lwjgl/3.3.2/lwjgl-3.3.2-natives-linux-arm32.jar",
                    "sha256": "2b9267e68bb2beeea76476fd5cf84c2265098d83e7aac5bd716e89a415fed890",
                    "size": 89347,
                    "url": "https://dl.phoenixclient.ir/client/minecraft/libraries/org/lwjgl/lwjgl/3.3.2/lwjgl-3.3.2-natives-linux-arm32.jar"
                }
            },
            "name": "org.lwjgl:lwjgl:3.3.2:natives-linux-arm32",
            "rules": [
                {
                    "action": "allow",
                    "os": {
                        "name": "linux"
                    }
                }
            ]
        },
        {
            "downloads": {
                "artifact": {
                    "path": "org/lwjgl/lwjgl-jemalloc/3.3.2/lwjgl-jemalloc-3.3.2-natives-macos-arm64.jar",
                    "sha256": "83e93e7bff2986537d0737a1413504776104a8449fe9a3f560fb62ccc628288c",
                    "size": 142101,
                    "url": "https://dl.phoenixclient.ir/client/minecraft/libraries/org/lwjgl/lwjgl-jemalloc/3.3.2/lwjgl-jemalloc-3.3.2-natives-macos-arm64.jar"
                }
            },
            "name": "org.lwjgl:lwjgl-jemalloc:3.3.2:natives-macos-arm64",
            "rules": [
                {
                    "action": "allow",
                    "os": {
                        "name": "osx"
                    }
                }
            ]
        },
        {
            "downloads": {
                "artifact": {
                    "path": "org/lwjgl/lwjgl/3.3.2/lwjgl-3.3.2-natives-windows-arm64.jar",
                    "sha256": "1575d4e2e789b411b3a193ac04a2c2d53dbc504de80a560578191c1c7d79e5ee",
                    "size": 133200,
                    "url": "https://dl.phoenixclient.ir/client/minecraft/libraries/org/lwjgl/lwjgl/3.3.2/lwjgl-3.3.2-natives-windows-arm64.jar"
                }
            },
            "name": "org.lwjgl:lwjgl:3.3.2:natives-windows-arm64",
            "rules": [
                {
                    "action": "allow",
                    "os": {
                        "name": "windows"
                    }
                }
            ]
        },
        {
            "downloads": {
                "artifact": {
                    "path": "org/lwjgl/lwjgl-openal/3.3.2/lwjgl-openal-3.3.2-natives-windows-arm64.jar",
                    "sha256": "f48d63386c52318893ffc17d7076e5df90219e9add5f19f6e914a6268f3052a0",
                    "size": 627059,
                    "url": "https://dl.phoenixclient.ir/client/minecraft/libraries/org/lwjgl/lwjgl-openal/3.3.2/lwjgl-openal-3.3.2-natives-windows-arm64.jar"
                }
            },
            "name": "org.lwjgl:lwjgl-openal:3.3.2:natives-windows-arm64",
            "rules": [
                {
                    "action": "allow",
                    "os": {
                        "name": "windows"
                    }
                }
            ]
        },
        {
            "downloads": {
                "artifact": {
                    "path": "org/lwjgl/lwjgl-glfw/3.3.2/lwjgl-glfw-3.3.2-natives-macos-arm64.jar",
                    "sha256": "6ea0409313d5a75bf12ffd2872246fbd34701b0b7760e5f81e09645d023ead89",
                    "size": 137535,
                    "url": "https://dl.phoenixclient.ir/client/minecraft/libraries/org/lwjgl/lwjgl-glfw/3.3.2/lwjgl-glfw-3.3.2-natives-macos-arm64.jar"
                }
            },
            "name": "org.lwjgl:lwjgl-glfw:3.3.2:natives-macos-arm64",
            "rules": [
                {
                    "action": "allow",
                    "os": {
                        "name": "osx"
                    }
                }
            ]
        },
        {
            "downloads": {
                "artifact": {
                    "path": "org/lwjgl/lwjgl-nanovg/3.3.2/lwjgl-nanovg-3.3.2-natives-linux.jar",
                    "sha256": "0e96440ef5ae93d9ede837fe86a874e362d4408c98622870cafc049e73955870",
                    "size": 214217,
                    "url": "https://dl.phoenixclient.ir/client/minecraft/libraries/org/lwjgl/lwjgl-nanovg/3.3.2/lwjgl-nanovg-3.3.2-natives-linux.jar"
                }
            },
            "name": "org.lwjgl:lwjgl-nanovg:3.3.2:natives-linux",
            "rules": [
                {
                    "action": "allow",
                    "os": {
                        "name": "linux"
                    }
                }
            ]
        },
        {
            "downloads": {
                "artifact": {
                    "path": "io/netty/netty-transport-native-epoll/4.1.96.Final/netty-transport-native-epoll-4.1.96.Final-linux-x86_64.jar",
                    "sha256": "9363c8131744931d54db62d03922563aa5ddc96db53910beb9c2953bfa8bca34",
                    "size": 38970,
                    "url": "https://dl.phoenixclient.ir/client/minecraft/libraries/io/netty/netty-transport-native-epoll/4.1.96.Final/netty-transport-native-epoll-4.1.96.Final-linux-x86_64.jar"
                }
            },
            "name": "io.netty:netty-transport-native-epoll:4.1.96.Final:linux-x86_64",
            "rules": [
                {
                    "action": "allow",
                    "os": {
                        "name": "linux"
                    }
                }
            ]
        },
        {
            "downloads": {
                "artifact": {
                    "path": "com/jagrosh/discordipc/DiscordIPC/discordipc-DiscordIPC.jar",
                    "sha256": "37e767b29db8383fc982c91034d682de384df66706714c0bcce45ee08ceb80ce",
                    "size": 1678520,
                    "url": "https://dl.phoenixclient.ir/client/minecraft/libraries/com/jagrosh/discordipc/DiscordIPC/discordipc-DiscordIPC.jar"
                }
            },
            "name": "com.jagrosh:discordipc:DiscordIPC"
        },
        {
            "downloads": {
                "artifact": {
                    "path": "org/lwjgl/lwjgl-openal/3.3.2/lwjgl-openal-3.3.2.jar",
                    "sha256": "2a58483b99c882a332d086402fccb8272664327016dc5a261a98d87f19d0f562",
                    "size": 108230,
                    "url": "https://dl.phoenixclient.ir/client/minecraft/libraries/org/lwjgl/lwjgl-openal/3.3.2/lwjgl-openal-3.3.2.jar"
                }
            },
            "name": "org.lwjgl:lwjgl-openal:3.3.2"
        },
        {
            "downloads": {
                "artifact": {
                    "path": "com/google/code/findbugs/jsr305/3.0.2/jsr305-3.0.2.jar",
                    "sha256": "766ad2a0783f2687962c8ad74ceecc38a28b9f72a2d085ee438b7813e928d0c7",
                    "size": 19936,
                    "url": "https://dl.phoenixclient.ir/client/minecraft/libraries/com/google/code/findbugs/jsr305/3.0.2/jsr305-3.0.2.jar"
                }
            },
            "name": "com.google.code.findbugs:jsr305:3.0.2"
        },
        {
            "downloads": {
                "artifact": {
                    "path": "io/socket/socket.io-client/2.1.0/socket.io-client-2.1.0.jar",
                    "sha256": "ccc90242ba349719c3e7c333626e4506032520de3b52af4ac011cef028977d6e",
                    "size": 65628,
                    "url": "https://dl.phoenixclient.ir/client/minecraft/libraries/io/socket/socket.io-client/2.1.0/socket.io-client-2.1.0.jar"
                }
            },
            "name": "io.socket:socket.io-client:2.1.0"
        },
        {
            "downloads": {
                "artifact": {
                    "path": "org/apache/httpcomponents/core5/httpcore5-h2/5.2.2/httpcore5-h2-5.2.2.jar",
                    "sha256": "0d54255a5efcb6e6eaf4e3ceb81d143c981524664eccff6ddd1193888820b2be",
                    "size": 237138,
                    "url": "https://dl.phoenixclient.ir/client/minecraft/libraries/org/apache/httpcomponents/core5/httpcore5-h2/5.2.2/httpcore5-h2-5.2.2.jar"
                }
            },
            "name": "org.apache.httpcomponents.core5:httpcore5-h2:5.2.2"
        },
        {
            "downloads": {
                "artifact": {
                    "path": "org/lwjgl/lwjgl-jemalloc/3.3.2/lwjgl-jemalloc-3.3.2-natives-windows-arm64.jar",
                    "sha256": "2b48ea3801160258348bb7937265c2c403896d076bcbbd2beb66a24cbadaee98",
                    "size": 152780,
                    "url": "https://dl.phoenixclient.ir/client/minecraft/libraries/org/lwjgl/lwjgl-jemalloc/3.3.2/lwjgl-jemalloc-3.3.2-natives-windows-arm64.jar"
                }
            },
            "name": "org.lwjgl:lwjgl-jemalloc:3.3.2:natives-windows-arm64",
            "rules": [
                {
                    "action": "allow",
                    "os": {
                        "name": "windows"
                    }
                }
            ]
        },
        {
            "downloads": {
                "artifact": {
                    "path": "org/apache/commons/commons-lang3/3.13.0/commons-lang3-3.13.0.jar",
                    "sha256": "82f528cf718c7a3c2f30fc5bc784e3c6a0a10b17605dadb9e16c82ede11e6064",
                    "size": 632267,
                    "url": "https://dl.phoenixclient.ir/client/minecraft/libraries/org/apache/commons/commons-lang3/3.13.0/commons-lang3-3.13.0.jar"
                }
            },
            "name": "org.apache.commons:commons-lang3:3.13.0"
        },
        {
            "downloads": {
                "artifact": {
                    "path": "io/netty/netty-transport-native-epoll/4.1.96.Final/netty-transport-native-epoll-4.1.96.Final-linux-aarch_64.jar",
                    "sha256": "1f02bf3599366231064ee99fc8c621eb97eaac1e40ba472ffe4de968eb186b7e",
                    "size": 40475,
                    "url": "https://dl.phoenixclient.ir/client/minecraft/libraries/io/netty/netty-transport-native-epoll/4.1.96.Final/netty-transport-native-epoll-4.1.96.Final-linux-aarch_64.jar"
                }
            },
            "name": "io.netty:netty-transport-native-epoll:4.1.96.Final:linux-aarch_64",
            "rules": [
                {
                    "action": "allow",
                    "os": {
                        "name": "linux"
                    }
                }
            ]
        },
        {
            "downloads": {
                "artifact": {
                    "path": "com/google/guava/guava/32.1.2-jre/guava-32.1.2-jre.jar",
                    "sha256": "bc65dea7cfd9e4dacf8419d8af0e741655857d27885bb35d943d7187fc3a8fce",
                    "size": 3041591,
                    "url": "https://dl.phoenixclient.ir/client/minecraft/libraries/com/google/guava/guava/32.1.2-jre/guava-32.1.2-jre.jar"
                }
            },
            "name": "com.google.guava:guava:32.1.2-jre"
        }
    ],
    "releaseTime": "2024-03-19T19:39:30.692366700Z"
}